INSERT INTO `Person` (`PersonID`, `FirstName`, `LastName`, `Phone`, `Email`) VALUES
(1, 'Kieran', 'Wiertz', '071234567', 'kieranwiertz@email.com'),
(2, 'Stan', 'Smith', '077654321', 'stansmith@email.com'),
(3, 'John', 'Brown', '071726354', 'johnbrown@email.com'),
(4, 'Dave', 'Simpson', '074536271', 'davesimpson@email.com'),
(5, 'Emma', 'Johnson', '073829104', 'emmajohnson@email.com'),
(6, 'Olivia', 'Williams', '075647382', 'oliviawilliams@email.com'),
(7, 'Ava', 'Jones', '072839465', 'avajones@email.com'),
(8, 'Isabella', 'Brown', '076543219', 'isabellabrown@email.com'),
(9, 'Sophia', 'Davis', '078912345', 'sophiadavis@email.com'),
(10, 'Mia', 'Miller', '079876543', 'miamiller@email.com'),
(11, 'Charlotte', 'Wilson', '070123456', 'charlottewilson@email.com'),
(12, 'Amelia', 'Moore', '071234890', 'ameliemoore@email.com'),
(13, 'Harper', 'Taylor', '072345678', 'harper@taylor.com'),
(14, 'Evelyn', 'Anderson', '073456789', 'evelynanderson@email.com'),
(15, 'Abigail', 'Thomas', '074567890', 'abigailthomas@email.com'),
(16, 'Ella', 'Jackson', '075678901', 'ellajackson@email.com'),
(17, 'Scarlett', 'White', '076789012', 'scarlettwhite@email.com');

INSERT INTO `StaffRoles` (`RoleID`, `RoleName`) VALUES
(1, 'Manager'),
(2, 'Staff');

INSERT INTO `Customers` (`CustomerID`, `PersonID`) VALUES
(1, 4),
(2, 17);

INSERT INTO `Staff` (`StaffID`, `PersonID`, `RoleID`, `PasswordHash`) VALUES
(1, 1, 1, 0x65636437313837306431393633333136613937653361633334303863393833356164386366306633633162633730333532376333303236353533346637356165),
(2, 2, 2, 0x65636437313837306431393633333136613937653361633334303863393833356164386366306633633162633730333532376333303236353533346637356165),
(3, 3, 2, 0x65636437313837306431393633333136613937653361633334303863393833356164386366306633633162633730333532376333303236353533346637356165),
(4, 5, 2, 0x65636437313837306431393633333136613937653361633334303863393833356164386366306633633162633730333532376333303236353533346637356165),
(5, 6, 2, 0x65636437313837306431393633333136613937653361633334303863393833356164386366306633633162633730333532376333303236353533346637356165),
(6, 7, 2, 0x65636437313837306431393633333136613937653361633334303863393833356164386366306633633162633730333532376333303236353533346637356165),
(7, 8, 2, 0x65636437313837306431393633333136613937653361633334303863393833356164386366306633633162633730333532376333303236353533346637356165),
(8, 9, 2, 0x65636437313837306431393633333136613937653361633334303863393833356164386366306633633162633730333532376333303236353533346637356165),
(9, 10, 2, 0x65636437313837306431393633333136613937653361633334303863393833356164386366306633633162633730333532376333303236353533346637356165),
(10, 11, 2, 0x65636437313837306431393633333136613937653361633334303863393833356164386366306633633162633730333532376333303236353533346637356165),
(11, 12, 2, 0x65636437313837306431393633333136613937653361633334303863393833356164386366306633633162633730333532376333303236353533346637356165),
(12, 13, 2, 0x65636437313837306431393633333136613937653361633334303863393833356164386366306633633162633730333532376333303236353533346637356165),
(13, 14, 2, 0x65636437313837306431393633333136613937653361633334303863393833356164386366306633633162633730333532376333303236353533346637356165),
(14, 15, 2, 0x65636437313837306431393633333136613937653361633334303863393833356164386366306633633162633730333532376333303236353533346637356165),
(15, 16, 2, 0x65636437313837306431393633333136613937653361633334303863393833356164386366306633633162633730333532376333303236353533346637356165);

INSERT INTO `Floors` (`FloorID`, `FloorNumber`) VALUES
(1, 1),
(2, 2),
(3, 3);

INSERT INTO `RoomTypes` (`RoomTypeID`, `Description`, `BasePrice`) VALUES
(1, 'Base', 60.00),
(2, 'Premium', 90.00),
(3, 'Presidential', 150.00);

INSERT INTO `Rooms` (`RoomID`, `RoomNumber`, `RoomTypeID`, `FloorID`) VALUES
(1, '101', 1, 1),
(2, '102', 2, 1),
(3, '201', 3, 2),
(4, '202', 1, 2),
(5, '301', 2, 3),
(6, '302', 3, 3),
(7, '103', 1, 1),
(8, '104', 2, 1),
(9, '203', 3, 2),
(10, '204', 1, 2),
(11, '303', 2, 3),
(12, '304', 3, 3),
(13, '105', 1, 1),
(14, '106', 2, 1),
(15, '205', 3, 2);

INSERT INTO `Bookings` VALUES
(1, 1, 1, '2025-03-01', '2025-03-05', '2025-12-03 11:05:52', '2025-12-03 11:06:52'),
(3, 1, 1, '2025-12-03', '2025-12-04', '2025-12-03 11:09:30', '2025-12-03 19:50:57'),
(4, 1, 1, '2025-12-03', '2025-12-04', '2025-12-03 11:13:58', '2025-12-03 11:14:00'),
(6, 1, 2, '2025-12-03', '2025-12-04', '2025-12-03 19:50:52', '2025-12-03 19:51:27'),
(7, 1, 2, '2025-12-03', '2025-12-04', '2025-12-03 19:51:17', '2025-12-03 19:51:26'),
(8, 1, 3, '2025-12-03', '2025-12-04', '2025-12-03 19:51:23', '2025-12-03 19:51:25'),
(9, 1, 1, '2025-12-03', '2025-12-04', '2025-12-03 19:54:46', '2025-12-03 19:54:50'),
(10, 1, 1, '2025-12-04', '2025-12-05', '2025-12-04 19:57:13', '2025-12-04 19:57:22'),
(11, 1, 1, '2025-12-04', '2025-12-05', '2025-12-04 20:00:40', '2025-12-04 20:03:32'),
(12, 1, 1, '2025-12-04', '2025-12-05', '2025-12-04 20:08:04', '2025-12-04 20:08:11');

INSERT INTO `CleaningAssignments` VALUES
(1, 2, 1, '2025-12-04', 1),
(2, 1, 3, '2025-12-04', 1),
(3, 3, 2, '2025-12-04', 1),
(4, 1, 1, '2025-12-04', 1),
(5, 1, 1, '2025-12-04', 1),
(6, 1, 1, '2025-12-04', 1),
(7, 1, 1, '2025-12-04', 1),
(8, 1, 1, '2025-12-05', 1);

INSERT INTO `StaffAttendance` VALUES
(1, 1, '2025-12-03 10:44:41', '2025-12-03 10:44:44'),
(2, 1, '2025-12-03 10:44:54', '2025-12-03 10:45:00'),
(3, 1, '2025-12-03 10:54:16', '2025-12-03 10:54:18'),
(4, 1, '2025-12-04 20:06:25', '2025-12-04 20:06:27'),
(5, 2, '2025-12-04 20:07:51', '2025-12-04 20:07:52'),
(6, 1, '2025-12-05 21:40:03', '2025-12-05 21:40:07'),
(7, 2, '2025-12-06 13:25:26', '2025-12-06 13:25:28');
